x,y
0.2000, 3.65e+00
0.7000, 3.64e+00
1.2000, 3.60e+00
1.7000, 3.66e+00
2.2000, 3.74e+00
2.7000, 3.80e+00
3.2000, 3.87e+00
3.7000, 3.92e+00
4.2000, 3.97e+00
4.7000, 4.02e+00
5.2000, 4.06e+00
5.7000, 4.10e+00
6.2000, 4.14e+00
6.7000, 4.17e+00
7.2000, 4.20e+00
7.7000, 4.23e+00
8.2000, 4.26e+00
8.7000, 4.29e+00
9.2000, 4.31e+00
9.7000, 4.33e+00
10.2000, 4.36e+00
10.7000, 4.38e+00
11.2000, 4.40e+00
11.7000, 4.42e+00
12.2000, 4.43e+00
12.7000, 4.45e+00
13.2000, 4.47e+00
13.7000, 4.48e+00
14.2000, 4.50e+00
14.7000, 4.51e+00
15.2000, 4.53e+00
15.7000, 4.54e+00
16.2000, 4.56e+00
16.7000, 4.57e+00
17.2000, 4.58e+00
17.7000, 4.60e+00
18.2000, 4.61e+00
18.7000, 4.62e+00
19.2000, 4.63e+00
19.7000, 4.64e+00
20.2000, 4.65e+00
20.7000, 4.66e+00
